pathway,description,display_label,cell_type,cell_line,related_drug,direction,experiment,geo_accession,n_genes,genes,source_url,source_year,source_section
BUSH_2017_BT20_BOR_DN,Down-regulated in BT20 breast cancer cells treated with Bortezomib,Bush 2017: BT20 Bor Down,Breast Cancer,BT20,Bortezomib,dn,Bulk RNA-seq,GSE97460,153,AKR1B15;AMOTL2;ARF6;ARID1A;ARL6IP5;AURKA;BCL3;BCL9L;BHLHE41;C10orf114;C1QBP;CAMK2N1;CCNA2;CCNB1;CCNF;CCNG2;CDC20;CDCA3;CDKN2C;CEBPD;CENPA;CHCHD1;CHMP4B;CKLF;COMMD6;CPA4;CYP1B1;DHRS11;DHRS3;DHRS4-AS1;DIO2;DUSP4;ECT2;EFNA1;EFTUD2;EGFR;EHD1;ELF3;ESRP2;ETV6;FAM127B;FAM174B;FAM46A;FAM83D;FAM84B;FBXO32;GATA3;GPRC5A;GRAMD2;GSE1;GSPT1;H1FX;H2AFX;H6PD;HES1;HEXIM1;HMGB2;HNRNPF;HR;IER5L;INHBB;IRF2;IRF2BPL;IRX3;ITPRIPL2;KIF20B;KIF2C;LCN2;LOC100129034;LSM7;MAEA;MAP3K1;MARCKS;MINK1;MIR205HG;MRPL34;MST1R;MT1E;MTSS1L;NEDD9;NFKBIA;NFKBIZ;NFYC;NOG;NR2F2;NRP1;OPN3;OSR2;PABPC4;PABPN1;PAX6;PBX1;PEX11B;PHF15;PHF20;PIK3R1;PLK1;PROSER2;PRSS27;PSRC1;PTCH1;RARA;RARG;RBM47;RHOBTB3;RHOV;RIPK4;RNF5;RTN4RL1;S1PR5;SDC4;SEMA4B;SHROOM3;SIPA1L3;SLC39A4;SLC5A6;SMAD3;SOX13;SOX4;SPSB2;ST3GAL1;STARD13;STEAP4;SUOX;TADA3;TBC1D2;TEAD1;TFAP2A;THBS1;TMEM138;TMEM139;TMEM203;TNFAIP8L1;TOP2A;TP53;TPGS2;TPX2;TRIM16;TRIM16L;TRIM28;TRIOBP;TRIP10;TSKU;TUBB;UBE2C;UGCG;VGLL1;ZBED5;ZBTB18;ZFP36L2;ZNF131;ZNF143;ZNRD1;,https://www.ncbi.nlm.nih.gov/pmc/articles/PMC5524642/,2017,Custom Script
BUSH_2017_BT20_BOR_UP,Up-regulated in BT20 breast cancer cells treated with Bortezomib,Bush 2017: BT20 Bor Up,Breast Cancer,BT20,Bortezomib,up,Bulk RNA-seq,GSE97460,221,ABHD4;ACTB;ACTG1;ADM2;ADRM1;AHSA1;ALOX12P2;ANKRD11;AP2B1;AP4B1;APOL1;APOL2;AREG;ARID3B;ASNS;ATF3;ATF4;ATF6B;ATP2A2;ATP6V0E1;ATP6V1A;BAG3;BAZ2A;BLOC1S2;BSDC1;C10orf35;C1orf52;C1S;C6orf62;CACYBP;CALR;CASP4;CBR3;CD58;CDKN1A;CHAC1;CHORDC1;CLN8;CLTC;CMBL;COQ10B;CSNK1A1;CTAGE5;DAP3;DDIT3;DDIT4;DEDD2;DENND5A;DNAJA1;DNAJB1;DNAJB4;DNAJC2;DNTTIP2;DUSP1;E2F3;E2F6;EAPP;EIF1;EIF2S2;EIF5;ERRFI1;FAM104A;FAM219A;FASTKD5;FBXO30;FOS;FOSL1;FTL;GADD45A;GARS;GCLM;GPATCH2;GPT2;GRPEL2;GUSBP1;HBEGF;HERPUD1;HMOX1;HSP90AA1;HSP90AB1;HSP90B1;HSPA13;HSPA1A;HSPA1B;HSPA5;HSPA8;HSPB8;HSPD1;HSPE1;HSPH1;IER3;JUN;JUND;KCMF1;KIAA1143;KIF1B;KIF21A;KRR1;KRT16;LGALS8;LINC00657;LOC344887;LONP1;LRRC8A;MAFF;MAP1B;MARS;MCL1;ME1;MICB;MPHOSPH10;MRPL18;MRPL32;MSRB1;MSX1;MTHFD2;MYC;NEAT1;NPLOC4;NSFL1C;OLA1;ORC6;OSGIN1;PAFAH1B1;PCYT1A;PELO;PHF1;PLEKHB2;PLRG1;POLR2C;POMP;POP1;PPID;PPP1R15A;PRDX1;PROCR;PSMA1;PSMA2;PSMA5;PSMA7;PSMB2;PSMB3;PSMB4;PSMB7;PSMC2;PSMC4;PSMC6;PSMD1;PSMD11;PSMD12;PSMD14;PSMD2;PSMD4;PSMD6;PSME4;PSPH;RABGGTB;RAE1;RB1CC1;RBM39;RFWD2;RHOB;RIT1;RNA5-8S5;RPS13;RPS20;RRM2;RSL24D1;RTCA;RTN4;SAT1;SEC24D;SERPINH1;SESN2;SHC1;SIN3B;SLC45A4;SLC7A11;SNHG15;SOD1;SPIB;SPSB1;SQSTM1;SRXN1;STK17A;STRN3;STRN4;SULT1A1;TARS;TCP1;TES;TEX19;THAP5;TM2D2;TMEM167B;TPT1;TRAPPC2;TRAPPC2P1;TRIB3;TTF1;TTLL7;TXNL1;TXNRD1;UBB;UBC;UBE4B;UBQLN1;UBXN4;UFD1L;USP14;VCP;WBP2;YWHAG;ZC3HAV1;ZFAND2A;ZFAND5;ZFP36L1;ZNF195;ZNF222;ZNF259;ZRSR2,https://www.ncbi.nlm.nih.gov/pmc/articles/PMC5524642/,2017,Custom Script
BUSH_2017_U87_BOR_DN,Down-regulated in U87 glioma cells treated with Bortezomib,Bush 2017: U87 Bor Down,Glioma,U87,Bortezomib,dn,Bulk RNA-seq,GSE97460,362,ACBD3;ACTN1;ACVR1;ADAM12;ADAM8;ADD3;AGGF1;AK4;AKR1A1;ALDH1A3;ALDOC;ANKRD27;ANKRD52;ANKZF1;ANXA11;AP2B1;APLN;ARGLU1;ARL13B;ARL4C;ASF1B;ASPM;ATAD2;ATRX;AURKA;AURKB;B4GALT1;BARD1;BAZ1B;BCAP29;BCLAF1;BDKRB2;BEND5;BHLHE41;BIRC5;BOD1L1;BRCA1;BRD3;BRD4;BRD8;BTG3;BUB1B;C10orf10;C21orf58;CA12;CADM1;CALD1;CALM1;CAMK2N1;CAMK2N2;CARM1;CASP8AP2;CAV1;CBX3;CBX5;CBX6;CCDC34;CCDC88A;CCNA2;CD82;CDC20;CDC25B;CDCA8;CDK1;CENPE;CENPF;CEP152;CEP290;CHD7;CHD9;CKAP2L;CKAP5;CLEC2B;CLIP1;CLSPN;CNN2;CNRIP1;COL5A1;COL6A3;COQ2;COQ7;CPSF1;CTXN1;CXXC5;DCLRE1C;DDIT4;DDX46;DEK;DEPDC1;DESI2;DHX33;DIAPH3;DNAJC9;DPYSL4;DUT;E2F1;ECE1;EGFR;EIF4EBP2;ENO1;ENO2;FAM111A;FAM111B;FAM114A1;FAM162A;FAM213B;FAM46A;FAM63B;FBL;FBN1;FBXL13;FLJ30403;FNBP1;FOXM1;FYN;GLG1;GOLIM4;GPATCH11;GPR155;GPX8;GSN;GTSE1;H2AFZ;HDAC2;HEG1;HEXB;HILPDA;HJURP;HNRNPK;HNRNPUL1;HOMER3;HRAS;HRH1;HSDL2;ICAM1;ID2;IGFBP1;IGFBP3;IGFBP4;IKBIP;ILF3-AS1;ILK;IQGAP3;IRAK1;IRS2;ITGA2;JAM2;KAT2A;KAT6B;KDELR3;KIAA1524;KIF20A;KIF20B;KIF23;KIF9;KPNB1;KRTCAP2;LAGE3;LAPTM4B;LARP1B;LARP7;LDHA;LEPREL4;LINC00461;LMO7;LOC100289092;LOX;LRRCC1;LTBP1;LUC7L3;MAP4K4;MCM10;MCM4;MCM5;MCM7;MDN1;METAP2;MIR210HG;MIS18A;MKI67;MMP24;MNS1;MOV10;MPP6;MPRIP;MRPS18B;MT1L;MTDH;MTMR4;MYADM;MYCBP2;MYLK;MYO10;NAA10;NAV1;NBPF10;NCAPG;NCL;NDC80;NDP;NDRG1;NEGR1;NFIB;NFKBIA;NOTCH3;NR2F1;NRP1;NUCB2;NUCKS1;NUF2;NUSAP1;OAS3;OPTN;P4HA2;PAK1;PAPD7;PAPPA;PARP12;PBK;PDE4C;PDIA4;PDK1;PFKFB4;PHIP;PIDD;PIEZO1;PIK3R2;PJA2;PLAU;PLK1;PMEPA1;POLR3G;PPIG;PPIH;PQLC3;PRC1;PRKCDBP;PRKDC;PRPF38B;PRR11;PRRC2C;PTGFRN;PTMA;PTN;PTRF;PTTG1;QKI;RAB13;RAB31;RAD51AP1;RASD2;RASSF4;RBBP6;RBM3;RBMX;RBPJ;RCN1;RDX;RFC3;RIF1;RMI2;RNASEH2A;RNF168;RNF187;ROCK1;RPL22L1;RPS2;RPS6KA2;RRBP1;RRM2;RRP7A;RSBN1;RSF1;RSRC1;SAPCD2;SCAF11;SDCCAG3;SEPT11;SERPIND1;SETD5;SGOL2;SKA1;SLC16A1;SLC25A1;SLC2A1;SMC1A;SMC2;SMC3;SMC4;SMIM14;SNTB1;SP110;SPAG4;SPC25;SPOP;SRD5A3;SRF;SRRM1;SSRP1;ST8SIA5;STC1;STC2;STK4;STX2;SUGT1;SYNE2;SYNPO;TAF15;TAF9B;TCF19;TCF25;TCF7;TCTEX1D2;TGFA;TIMELESS;TIMP3;TK1;TMEM158;TMEM41A;TMEM97;TMSB15A;TNNT1;TOP1;TOP2A;TPBG;TPM1;TPR;TPX2;TREM1;TRIO;TRIOBP;TSPAN14;TTK;TUBB6;TUBG1;TXNDC17;UACA;UGP2;UPF3B;USP1;VANGL1;VCAN;VEGFA;VPS35;VSIG10;WAC-AS1;WBP5;WDR54;WDR60;WDR76;WNT5A;XRCC3;YWHAB;ZAK;ZBTB38;ZC3H13;ZMYND11;ZNF385D;ZNF395;ZP1;ZWILCH;ZWINT,https://www.ncbi.nlm.nih.gov/pmc/articles/PMC5524642/,2017,Custom Script
BUSH_2017_U87_BOR_UP,Up-regulated in U87 glioma cells treated with Bortezomib,Bush 2017: U87 Bor Up,Glioma,U87,Bortezomib,up,Bulk RNA-seq,GSE97460,276,ABHD16A;ABHD4;ACIN1;ADI1;ADPGK;AKR1B10;AKR1C1;AKR1C3;AKT1S1;ALDH2;ANKRD39;ANKRD40;ANXA1;AP3M1;APOOL;ARC;ARL1;ASCC2;ASNA1;ATP1B1;ATP5C1;ATP6V0A1;ATP6V1G1;B4GALNT1;BAG2;BCL2L13;BEX1;BHMT2;BSDC1;C12orf49;C14orf166;C16orf72;C1orf109;C1S;CALCOCO1;CALCOCO2;CAMTA1;CAMTA2;CAPZA1;CCDC86;CD55;CDK5;CEBPG;CENPT;CHAC1;CHCHD2;CHMP5;CISD1;CLCF1;CLN5;CLU;COPS2;COPS5;COPZ1;COQ10B;CREM;CRIPT;CRYAB;CSF3;CSRNP2;CTDNEP1;CTSD;CXCL3;CYB5R1;DAP3;DCAF13;DCAF5;DCTN3;DCTN4;DESI1;DGAT2;DNAJB1;DNM1;DOLPP1;DPH3;DPM2;DPY30;DUSP1;DUSP11;DUSP5;EAF1;EIF4B;EMC3;EMG1;ENY2;EPDR1;EPS15L1;ERCC8;ETFA;FAM167A;FAM214B;FAU;FDFT1;FLNC;FOSB;FOSL1;FTL;FTSJ3;GADD45A;GAK;GAS8;GCNT3;GLA;GSR;GSTM4;GSTP1;HCCS;HELQ;HKDC1;HOXD-AS1;HSD17B10;IDE;IFI44;IL11;IL36B;INO80B;INTS10;JOSD2;JUNB;KCMF1;KIAA1217;KIFC3;LBX2-AS1;LINC00520;LOC550643;LOC654433;LSM10;LY96;MAFF;MAFG;MAP1A;MAPKAPK2;MAPRE3;MARS;MGST1;MICU1;MIER2;MLF2;MRPL32;MRPL34;MRPS15;MRPS23;MSN;MT2A;MUL1;MYC;MYL6B;NAA20;NCKAP1;NDUFA4;NDUFAB1;NDUFAF4;NDUFB3;NEAT1;NEDD4L;NFASC;NIPA2;NMB;NQO1;NRBP1;NUP188;OAZ1;OTUD5;PCID2;PCYT1A;PELO;PEPD;PEX19;PFKM;PGRMC1;PHF1;PI3;PIGH;PIGT;PIM3;PITHD1;PLD3;PLEKHM1;POLD4;POLR3E;POMP;PPAPDC1B;PPM1M;PPP1R15A;PSAP;PSMA2;PSMA4;PSMB2;PSMB3;PSMB4;PSMB5;PSMB6;PSMC2;PSMC4;PSMC5;PSMD1;PSMD13;PSMD14;PSMD4;PSMD8;PSME4;PTGR1;PTRH2;RAB18;REPIN1;RGS3;RHOB;ROM1;RPAIN;RRAD;SAMD4B;SAT1;SEC22B;SEC63;SEL1L3;SERP1;SERPINB2;SESN2;SF3B14;SLC25A22;SLC3A2;SLC48A1;SMG8;SNRPD1;SNX29;SOD1;SPATS2;SPG20;SPP1;SPTAN1;SQSTM1;STAM2;STX12;STX3;SYT11;TAGLN3;TALDO1;TBC1D13;TBCA;TERF2IP;TFG;TMEM101;TMEM138;TMEM167B;TMEM179B;TMEM242;TMUB2;TNFRSF10D;TNKS2;TOLLIP;TOM1;TP53I13;TPMT;TRMT112;TRPC4AP;TSC22D1;TUBA4A;TUBB4B;TXNRD1;UBAP1;UBB;UBE2A;UBE2D2;UBE2G1;UBE2L3;UBXN4;UCHL1;UFD1L;USP5;VCP;WBP11;WBP2;WFS1;ZFAND2A;ZFAND5;ZNF655,https://www.ncbi.nlm.nih.gov/pmc/articles/PMC5524642/,2017,Custom Script
BUSH_2017_U87_IXA_DN,Down-regulated in U87 glioma cells treated with Ixazomib (Proteasome inhibitor),Bush 2017: U87 Ixa Down,Glioma,U87,Bortezomib,dn,Bulk RNA-seq,GSE97460,30,AK2;AKR7A2;ANKRD52;B4GALT1;CCDC92;COL5A1;ENO2;FAM219B;HMOX1;IGFBP1;IGFBP3;LAGE3;LOX;MTMR4;NAA10;NDRG1;PFKFB4;PHPT1;PRC1;PRKCDBP;SLC39A9;ST8SIA5;SYDE1;SYNPO;TMEM106C;TMEM134;TREM1;TRIM41;TUBB6;VEGFA,https://www.ncbi.nlm.nih.gov/pmc/articles/PMC5524642/,2017,Custom Script
BUSH_2017_U87_IXA_UP,Up-regulated in U87 glioma cells treated with Ixazomib (Proteasome inhibitor),Bush 2017: U87 Ixa Up,Glioma,U87,Bortezomib,up,Bulk RNA-seq,GSE97460,21,ATP6V1G1;CPNE3;CWC22;DST;EIF2A;EIF3A;GOLGA4;MAP7D3;MPHOSPH10;NAP1L1;NEMF;NFE2L2;PRRC2C;PSMA4;SEC31A;SMC3;SMC4;SPECC1;TOPBP1;YBX1;ZMYM6NB,https://www.ncbi.nlm.nih.gov/pmc/articles/PMC5524642/,2017,Custom Script
CHAPMAN_2018_BOR_VS_LEN_SIGNATURE,7 gene bortezomib/lenalidomide decision signature,Chapman 2018: Bor/Len 7 gene signature,PBMC,NA,Bortezomib,up,Bulk RNA-seq,,7,EMC9;FAM171B;PLEK;MYO9B;RCN3;FLNB;KIF1C,https://www.ncbi.nlm.nih.gov/pmc/articles/PMC6310235/,2018,Main Text
MAO_2020_26S_PROTEASOME,26S proteasome subunits and proteasome-associated proteins,Mao 2020: 26S Proteasome and associated proteins,NA,NA,Bortezomib,up,NA,NA,63,PSMA1;PSMA2;PSMA3;PSMA4;PSMA5;PSMA6;PSMA7;PSMB1;PSMB2;PSMB3;PSMB4;PSMB5;PSMB6;PSMB7;PSMB8;PSMB9;PSMB10;PSMB11;PSMC1;PSMC2;PSMC3;PSMC4;PSMC5;PSMC6;PSMD1;PSMD2;PSMD4;ADRM1;PSMD3;PSMD6;PSMD7;PSMD8;PSMD9;PSMD11;PSMD12;PSMD13;PSMD14;PSME1;PSME2;PSME3;PSME4;PSMG1;PSMG2;PSMG3;PSMG4;POMP;RAD23A;RAD23B;UBQLN1;UBQLN2;UBQLN3;UBQLN4;DDI1;ZFAND5;USP14;UCHL5;UBE3C;PARK2;KIAA0368;PSMF1;PSMD10;PSMD5;PAAF1,https://link.springer.com/chapter/10.1007/978-3-030-58971-4_1,2020,Table 1.1
UBELS_2020_BOR_BENEFIT_SIGNATURE,14 gene signature associated with bortezomib benefit,Ubels 2020: Bor benefit signature,PBMC,NA,Bortezomib,up,Bulk RNA-seq,,14,CFAP53;CLIP;DAB2IP;EBF2;FA2H;LINC00485;LINC00992;NES;NEXN;SHTN1;SNX9;ST6GAL2;TPD52L1;ZNF493,https://aacrjournals.org/clincancerres/article/26/22/5952/82901/Gene-Networks-Constructed-Through-Simulated,2020,Figure 2
JUBB_2016_DEX_MACROPHAGE_DN,Down-regulated in hMDM cells treated with 100 nM Dexamethasone,Jubb 2016: Macrophage Dex Down; any timepoint,Macrophage,hMDM,Dexamethasone,dn,Affymetrix U133Plus PM,GSE61881,126,ACVR2A;ARG2;ARHGAP25;ASRGL1;ATF5;ATP2B1;BCAR3;BCL11A;BCL3;BIRC3;BLNK;BTG2;C16orf54;C1orf21;C5orf20;CA2;CCL4;CD163L1;CD200R1;CD274;CD48;CD83;CHST2;CIITA;CLEC4A;CRHBP;CXCL1;CXCL2;CYTL1;DPCD;EHD1;FAS;FBLIM1;FCGR1B;FMNL3;GBP1;GNG2;GPR68;GPR84;GPRC5B;HEG1;HIVEP1;HIVEP3;HPSE;HS3ST1;ICAM1;IFIT1;IL16;IL8;IRF1;ITGAL;JAKMIP2;KCTD7;KITLG;KLHL13;KLRG1;LOC285628;LOC344887;LOC440934;LXN;ME1;MFSD2A;MRC2;MRPS6;MTHFD1L;MXD1;MYO9B;NBPF1;NFKBIE;NLN;NMT2;NOD2;NQO1;NR1D2;NUMA1;P2RX7;P2RY6;PAK1;PDE4DIP;PEA15;PER2;PER3;PIR;PLAU;PTGFRN;PTGIR;PTGS1;RAB7B;RELB;RGS16;RNF125;RTN4R;SAMD4A;SGPP2;SGTB;SLAMF7;SLC29A3;SLC2A6;SLC46A3;SLC5A3;SLC7A11;SLC9A9;SPATA12;SRGAP3;TAGAP;TCF4;TEF;TESC;TIFAB;TJP2;TLE3;TLR7;TMC8;TMEM138;TMEM71;TNF;TNFSF10;TNFSF13B;TNFSF15;TOR3A;TRAF3IP3;TRERF1;VASH1;ZBTB46;ZCCHC24;ZFYVE16,https://journals.aai.org/jimmunol/article/196/2/813/109172,2016,Table S1B
JUBB_2016_DEX_MACROPHAGE_UP,Up-regulated in hMDM cells treated with 100 nM Dexamethasone,Jubb 2016: Macrophage Dex Up; any timepoint,Macrophage,hMDM,Dexamethasone,up,Affymetrix U133Plus PM,GSE61881,224,ABLIM3;ACSL1;ADAMTS2;ADM;ADORA3;ALCAM;ALDH1L2;ALOX15B;APCDD1;ARRDC3;ATAD2;B3GNT5;BLM;C10orf54;C19orf59;C1QB;C5;C5orf62;CALCRL;CAMP;CCNA1;CD163;CD72;CDKN1C;CEBPD;CLEC4E;CLN8;CNIH4;CPM;CRISPLD2;CSGALNACT1;CTTNBP2;CYFIP2;CYTIP;DAAM2;DDIT4;DISP1;DUSP1;DUSP4;EBI3;ECHDC3;ELK1;ENOX2;ERLIN1;EZR;FAM100B;FAM117B;FAM59A;FAR2;FBLN5;FCAR;FGD4;FILIP1L;FKBP5;FLT3;FMN1;FOS;FOXN2;FOXO1;FOXO3;FPR1;FRAT1;FRMD4A;GAB1;GADD45A;GADD45B;GCLC;GFOD1;GLDN;GLUL;GNB5;GPR126;GPR34;GPR82;GRAMD1B;GRAMD3;GRB10;HIPK2;HMGB2;IL13RA1;IL1R1;IL1R2;INSR;IRAK3;IRS2;ISG20;ITPKC;JDP2;KCNE1;KCNJ2;KIAA0146;KIF13B;KLF4;KLF7;KLF9;KLHL8;LDLRAD3;LHFP;LINC00341;LOC285812;LOC729680;LONRF1;LRRC16A;MAN1A1;MAP3K6;MCL1;MDM2;MEGF9;MERTK;MET;METTL7A;MMP19;MS4A4A;MS4A6A;MT1F;MT1P2;MT1X;MT2A;MTMR11;MTMR4;MTSS1;MYC;NA;NAV2;NFIL3;NHSL1;NUDT16;OGFRL1;OLIG1;ORMDL1;P2RY12;P2RY13;PALD1;PAPOLG;PCYOX1L;PDK4;PER1;PGRMC2;PHC2;PHF17;PIK3IP1;PKIB;PKP2;PLEKHA7;PMS1;PPARGC1A;PPM1L;PRKCE;PRKCH;PSME4;PSTPIP2;PTEN;PTX3;RBMS3;RBP7;RCAN1;RGS1;RHOBTB3;RNF144B;RUNX2;S100A8;SAP30;SDC4;SEMA3C;SESN1;SETMAR;SGMS2;SH3BP5;SH3PXD2B;SHMT1;SHOX2;SLA;SLAMF1;SLC11A1;SLC15A2;SLC16A10;SLC16A6;SLC19A2;SLC22A16;SLC25A15;SLC25A37;SLC31A2;SLC38A1;SLITRK4;SMAP2;SOCS1;SPRY1;SPTLC2;SRGAP1;SRGAP2;SRGAP2C;SRPX;SSH2;ST6GALNAC3;TBC1D1;TBC1D16;TBC1D8;TFCP2L1;TFPI;THBS1;THRB;TLR2;TMCC3;TMEM17;TMEM198B;TMEM39A;TNFAIP3;TNFRSF11A;TNFRSF21;TOP1;TP53BP2;TPST1;TSC22D3;TSPAN2;TXNIP;USP53;VCAN;VSIG4;WDR63;YPEL2;ZBTB16;ZBTB8A;ZCCHC6;ZNF189,https://journals.aai.org/jimmunol/article/196/2/813/109172,2016,Table S1B
CAO_2018_A549_DEX_3H_DN,Decreasing over time in A549 cells treated with Dexamethasone for 1hr or 3 hr,Cao 2018: A549 Dex Decreasing,Lung Cancer,A549,Dexamethasone,dn,sci-CAR,GSE117089,200,KAZN;GSTM5;CYP24A1;GALNTL5;RUNX3;ASPH;CNTN1;SYT1;LRCH2;SLC7A11;STK32B;BCAS1;KYNU;NAV3;TRIML2;PBX1;MCU;COL5A2;MAP7;NRG1;EBF1;DENND5B;NPAS2;FAM107B;KIFC3;ZSWIM6;PDE7B;SEMA3A;SGK223;ARHGAP9;PDE4B;TP63;CACNA2D1;ST8SIA4;IGSF11;DOCK10;MYO10;SFMBT2;TDRD5;SQSTM1;PDE1C;MID1;LRRD1;RIN2;KIRREL3;CPEB2;SYTL2;EREG;CAMK2D;TXNRD1;ME1;GPRIN3;TNFSF15;NHS;CTD-2600O9.1;ABCC2;SIN3A;SYNE1;SLIT3;GCLC;SLC4A4;UBASH3B;VAV3;PDE8A;DST;SGCD;CACNG8;UACA;CAST;CLTCL1;NFAT5;GULP1;CLIP2;PTGS2;ABCC1;EHBP1;LMCD1;PTGR1;GCLM;SLC12A2;LAMB1;TBKBP1;TBC1D4;QKI;TMEM65;INPP4B;MORC4;NRP1;PCNXL2;SIRT1;RGS17;DPYD;SLC22A23;TGIF1;MAGI3;NEIL3;MOK;EML4;SLC35F3;MEIS2;SLC8A1;BMPR1B;ST3GAL5;IGSF1;RAI14;ECT2;PLK2;TM4SF1;RBM47;PLA2G4A;PRKCA;ATP2B1;ARHGAP18;KCNT2;MYO1B;DUSP4;MACF1;FOSL1;NR0B1;TNFAIP8;NR3C1;BICC1;PARD3;ARHGAP26;PLAUR;MARCH4;CTD-2535L24.2;NBEA;HEATR4;HRH1;PCDH9;PPAP2B;ZMAT4;SMAD3;MAFG;FRMD5;USP3;MLLT3;OSGIN1;EXT1;IFFO2;PLCH1;GCNT2;PAWR;PDGFD;JUN;FN1;FILIP1;ARHGAP12;NCOA7;MICU1;SH3RF1;SEMA3E;SLC5A11;GDF15;CXCL5;ASIC2;CAMK1D;ANTXR1;HEATR5A;SNAP25;PDLIM5;OSGIN2;PLS1;NTN4;MFHAS1;TGFB2;MBNL2;SAMD5;ARRDC3;MBP;MAP3K13;TNPO1;BASP1;TCF7L2;CACNB2;PXDNL;GLS;KIAA0319;RND1;POF1B;AKR1C1;GBE1;IRS1;TAOK3;SLC4A7;CLIP1;PHLDA1;PTPRK;LRP6;SIPA1L3;RPS6KA3;PLCXD3;C9orf3;NFE2L2;NUAK1;ENC1;CMIP;LRRN2;MET,https://www.science.org/doi/10.1126/science.aau0730,2018,Table S2
CAO_2018_A549_DEX_3H_UP,Increasing over time in A549 cells treated with Dexamethasone for 1hr or 3 hr,Cao 2018: A549 Dex Increasing,Lung Cancer,A549,Dexamethasone,up,sci-CAR,GSE117089,200,FGD4;FKBP5;SDK2;GALNT18;TFCP2L1;ARRB1;CKB;ERRFI1;SYBU;PYGB;BTBD11;AKAP13;DUSP1;PLEKHA7;TP53I3;NFKBIA;TSC22D3;CALD1;EMP2;STOM;EPB41L4A;SPECC1;AHNAK;ZBTB20;PACSIN2;KIAA0232;TNS4;CHKA;LDLRAD4;GSN;HPCAL1;ENTPD2;FRMD3;TMEM164;ANGPTL4;PPARGC1B;MMP26;NRCAM;GLIS3;SDK1;RAB11FIP1;DOCK4;PER1;ESYT2;HGD;GRAMD4;CIDEC;ST3GAL1;HECW1;FBRSL1;ANPEP;SCNN1B;SERPINE1;LURAP1L;FOXO3;NEBL;PAPPA;ZFP36;ABHD2;CORO2A;KLHL4;NFIA;CDH16;ATP1A1;KLHL29;MT2A;ABHD12;CD109;RBFOX3;HIPK2;GPR153;LHFPL2;CDC42EP3;NT5DC3;SGK1;TBC1D8;SLC22A3;WDR60;SRGAP3;PITPNC1;PTPRM;MBOAT2;PDK4;DNAJC15;SDPR;LRP1B;PSMG4;UNC5B;ANXA2;SLC39A14;RTN4RL1;SLC2A14;GABRR1;HIP1;PGLYRP2;IRS2;HPGD;PER2;ACSL3;IGFBP4;MYEOV;GPR64;TIPARP;PCSK6;ADAMTS7;ACSL1;YWHAQ;AQP3;SEC14L2;NOTCH2NL;ZCCHC11;ITGB4;TFEB;EMP1;RRAD;IL6R;C6orf132;TMEM63C;PPAP2A;IQGAP2;EHMT1;BIRC3;RASSF4;SPTSSA;CPEB4;PIAS1;PDLIM1;DDIT4;SLC26A2;BMP6;RBMS3;AC091801.1;SIK1;MTSS1L;CPM;PLXNA2;RREB1;NBEAL2;CLMN;ABCC8;PXN;UBE2E2;GREB1L;CEBPB;TMEM43;CEBPD;ATP10A;PKP2;HSD11B2;PTK2;FAM105A;CCDC64;TOP1;ABTB2;NOTCH3;SHROOM3;PPL;C3;LPHN1;ZBTB7C;DGKH;CDKN1C;CAPN8;SCNN1G;VSTM2L;SCNN1A;RBM20;RHOBTB2;PITPNM2;EGR1;THSD4;KRT8;S100A10;ARRDC1;GTF2IRD1;FSTL3;ST6GALNAC3;LLGL2;ITGAV;STARD13;IGF1;ERGIC1;CD38;GADD45A;BCL9L;ZBTB38;PHLPP1;S100P;FOS;ARRDC2;IPMK;ADCK4;BCL2L1;STK24;TENC1;IMPDH1;NBPF10;KRT18;FLVCR2;IL6ST,https://www.science.org/doi/10.1126/science.aau0730,2018,Table S2
MCDOWELL_2018_DEX_A549_DN,Down-regulated in A549 cells treated with Dexamethasone; Analyzed by comparison of all Dex vs all EtOH using GEO2R,McDowell 2018: A549 Dex Down,Lung Cancer,A549,Dexamethasone,dn,Bulk RNA-seq,GSE104714,161,ACKR3;ADORA1;ANKS4B;AREG;ARL4C;ASIC2;BAAT;BDKRB1;BDKRB2;BHLHE41;BMF;C3orf80;C6orf141;CCDC198;CCL2;CD274;CDH11;CEACAM5;CLDN14-AS1;CLDN2;CPA4;CREB5;CXCL1;CXCL8;CYP24A1;DACT2;DIO2;DIRAS3;DRD1;DUSP8;EBF1;ENC1;EREG;FGFBP1;FLJ16779;FLRT2;FOXA3;FRMD5;FST;FZD8;GABRQ;GACAT2;GATA6;GDF15;GLI1;GRB7;GREM2;HNF1A-AS1;IER2;IER3;IER3-AS1;IER5;IFFO2;IGFBP3;IGFL4;IGFN1;IGSF10;IL11;IL33;IL7R;INHBE;INSYN2B;KCNH1;KCNK3;KCTD16;LASTR;LHX1;LINC00173;LINC00488;LINC02535;LINC02643;LOC100128653;LOC101929750;LOC105370672;LOC105374291;LOC105374811;LOC105376901;LOC105377218;LOC105377219;LOC105378138;LOC105378936;LOC105379385;LOC107985900;LOC107986170;LOC107986198;LOC107986632;LOC388282;LONRF2;LRATD2;LUCAT1;LYPLAL1-DT;MAFK;MARCHF4;MFNG;MIAT;MIR137HG;MIR9-1HG;MN1;MUC5AC;MYO5B;NAV3;NEK10;NHS;NKAIN4;NPBWR1;NPY1R;NR0B1;NR4A2;NR5A2;NUAK1;OLR1;OSGIN1;PADI1;PADI3;PDE1C;PDE7B;PDGFRA;PLAUR;PLK2;PRRT1B;PTGS2;PTHLH;RAET1K;RASD2;RASGRP3;RASSF10;RND1;SALL2;SEMA3A;SERTAD4;SHH;SHISAL1;SIM2;SLC40A1;SLC7A11;SLC7A11-AS1;SLITRK6;SOX2;SOX7;ST8SIA4;SUCNR1;SUSD4;SYT6;SYTL2;TGFB2;TGFB2-OT1;TLR1;TM4SF20;TNFAIP6;TNFRSF9;TNFSF15;TNFSF9;TP63;TRIM67;TRIML2;TTC6;VASN;VAV3;ZIC2;ZNF624;ZSWIM4,https://journals.plos.org/ploscompbiol/article?id=10.1371/journal.pcbi.1005896,2018,GEO2R
MCDOWELL_2018_DEX_A549_UP,Up-regulated in A549 cells treated with Dexamethasone; Analyzed by comparison of all Dex vs all EtOH using GEO2R,McDowell 2018: A549 Dex Up,Lung Cancer,A549,Dexamethasone,up,Bulk RNA-seq,GSE104714,395,A4GALT;ABCC8;ABHD2;ABLIM3;ABTB2;ABTB3;ACE;ACSL1;ACSL5;ADAMTS7;ADAMTSL4;ADGRF4;ADGRG2;ADGRL1;ADGRL1-AS1;AGFG2;AHNAK;AKAP13;ALOX5AP;ANGPTL4;ANKRD1;ANKRD2;ANO1;ANPEP;AOX1;APOL1;APOL2;AQP3;ARHGEF37;ARMC12;ARRB1;ARRDC2;ATOH8;ATP1A1;ATP1A1-AS1;B3GNT5;BAIAP2;BCL6;BICDL1;BIRC3;BLOC1S3;C11orf91;C1orf116;C3;C4BPB;C5AR2;C6orf132;CACNA1I;CACNA2D3;CALD1;CAVIN2;CCN2;CCN4;CDC42EP3;CDK5R2;CDKN1A;CDKN1C;CEBPB;CEBPB-AS1;CEBPD;CEP70;CES4A;CHD5;CHST7;CIDEC;CILP;CITED2;CKB;CLDN7;CLIC3;CMKLR2;CNR1;COL15A1;CORO2A;CPEB4;CRACDL;CRISPLD2;CRY2;CRYAB;CYP4F12;DCUN1D3;DEGS2;DHCR24;DNAJB13;DNAJB5;DNAJC15;DNER;DPEP1;DUSP1;EDAR;EDN2;EDN3;EIF2AK3;ELL2;EMP1;EMP2;ENOX1;ENTPD2;ENTPD6;EPB41L4A;EPB41L4B;EPHB6;ERRFI1;ETNK2;FAIM;FAM222B;FAM43A;FAM47E-STBD1;FAM83A;FAT4;FBXL16;FGA;FGB;FGD4;FIBCD1;FKBP5;FLVCR2;FLVCR2-AS1;FOXO1;FOXO3;FRMD3;G0S2;GADD45A;GADD45B;GALNT18;GALNT4;GGT5;GPR153;GPR20;GPR84-AS1;GRAMD4;GREB1L;GSN;GYS2;HECW2-AS1;HELZ2;HES7;HID1;HIP1R;HIPK2;HOGA1;HOXC13;HPCAL1;HPD;HRK;HS3ST3B1;HSD11B2;HSPB1;IFNGR1;IGFBP1;IL17RC;IL22RA1;IL6R;IRAK3;IRS2;ITGA10;ITGA5;ITGB4;ITPKA;ITPKC;JCAD;JPH2;KCNB1;KCNG1;KCNH2;KCNJ11;KCNJ16;KIF17;KLF4;KLF6;KLF9;KLHL29;KLHL4;KRT6A;KRT6B;KRT6C;KYAT1;LHX6;LIFR;LINC00886;LINC00887;LINC01572;LINC01833;LINC02048;LINC02482;LMNTD2;LOC101927393;LOC101927863;LOC101928045;LOC101928589;LOC101928841;LOC101929291;LOC102723834;LOC102724363;LOC102724584;LOC102724788;LOC105369689;LOC105370062;LOC105370964;LOC105371856;LOC105372579;LOC105372989;LOC105373234;LOC105373510;LOC105374128;LOC105375785;LOC107984433;LOC107986148;LOC107987113;LOC107987250;LOC112267915;LOC112268047;LOC112268155;LOX;LRRC8A;LURAP1L;MAN1C1;MAOA;MAP2;MAP3K6;MAP7D1;MCF2L2;MCL1;METTL7A;MFSD2A;MGAM;MIR3936;MIR503;MIR503HG;MIR6757;MMP15;MRO;MT1F;MT1G;MT1X;MT2A;MTSS1;MTSS2;MUC1;MUC3A;MYEOV;NAV2;NAV2-AS2;NBEAL2;NDRG1;NEDD4;NFKBIA;NID2;NNMT;NOL3;NOTCH2NLA;NOTCH2NLB;NOTCH2NLC;NOTCH2NLR;NOVA2;NRADDP;NSG1;NT5DC3;NUDT10;NYAP1;OCA2;OR7E14P;OTULINL;PACSIN2;PALM2AKAP2;PAQR7;PDE6A;PDK4;PDLIM1;PDZD2;PER1;PER2;PIM3;PITPNC1;PITPNM3;PKP2;PLAG1;PLB1;PLCB4;PLD5;PLEKHA7;PLXNA2;PNRC1;POC1B-GALNT4;POU5F1;PPARGC1B;PPL;PPP1R14C;PRDM1;PRKCD;PRODH;PROSER2;PRR15;PRR15L;PRRG4;PSCA;PSORS1C3;PTGER2;PTGER4;PTGES;PXN;PYGB;RAB11FIP1;RASSF4;RBM20;REEP1;REPS2;RGCC;RGS2;RHCG;RHOB;RHOBTB2;RRAD;RTN4RL1;S100P;SALL1;SCARA5;SCEL;SCIRT;SCNN1A;SDK1;SDK2;SDS;SEC14L2;SEPTIN4;SERPINA3;SERPINE1;SGK1;SGPP2;SH3RF3;SH3TC1;SHE;SHROOM3;SIX3;SLC16A12;SLC19A2;SLC22A5;SLC39A14;SLC45A1;SLC45A4;SLC4A11;SLC51B;SLN;SLPI;SNAI2;SNN;SNX8;SPRY1;SPX;SRGN;ST3GAL1;STAC2;STARD13;STBD1;STC1;STK17B;STOM;STON2;SYBU;SYT2;TANC2;TBC1D2;TBC1D8;TCAF2;TENT5B;TFCP2L1;TGFBR1;THBD;THRA;TIGIT;TIPARP;TIPARP-AS1;TLE3;TMEM164;TMEM265;TMEM47;TMEM63C;TNFAIP3;TNFAIP8L3;TNS2;TNS4;TRABD2B;TRIM29;TSC22D3;TSC22D4;TSPYL2;UNC5B;USP2;VEPH1;VGF;VIPR1;VSTM2L;ZBTB20;ZC3H12A;ZFP36,https://journals.plos.org/ploscompbiol/article?id=10.1371/journal.pcbi.1005896,2018,GEO2R
PARK_2019_DEX_BCELL_DN,Down-regulated in primary B cells treated with 1 uM dexamethasone for 6 hr,Park 2019: PBC Dex Down,B cells,Primary,Dexamethasone,dn,Illumina HumanRef8 v2 BeadChip array,,9,LTA;EGR2;LYSMD2;PEA15;HMOX1;LPXN;BCL2A1;CSK;CYBASC3,https://pubmed.ncbi.nlm.nih.gov/30562215/,2019,Table 1
PARK_2019_DEX_BCELL_UP,Up-regulated in primary B cells treated with 1 uM dexamethasone for 6 hr,Park 2019: PBC Dex Up,B cells,Primary,Dexamethasone,up,Illumina HumanRef8 v2 BeadChip array,,33,TSC22D3;SAP30;DDIT4;FKBP5;SMAP2;CCND3;BLK;SMIM3;SOCS1;CNDP2;H1FX;CASP6;TIPARP;P4HA1;VIL2;TXNIP;DUSP1;BTG1;THOP1;TOX2;SEMA4D;DSTN;ETS1;MXD4;SORT1;CSDA;PLP2;IQGAP2;KLF2;BINI;CDCP1;CHSY1;MAP2K1,https://pubmed.ncbi.nlm.nih.gov/30562215/,2019,Table 1
PARK_2019_DEX_LCL_DN,Down-regulated in lymphoblastoid cell lines treated with 1 uM dexamethasone for 6 hr,Park 2019: LCL Dex Down,Lymphoblastoid cells,Primary,Dexamethasone,dn,Illumina HumanRef8 v2 BeadChip array,,49,LTA;PEA15;PRMT1;SAMSN1;CD83;SLAMF7;NUS1P1;LPXN;P2RY10;PRDX1;OBFC2A;TRAF1;NHP2;PLEK;GAR1;CSK;DDX21;BCL2A1;CD40;EGR2;MS4A1;HSPD1P4;LOC148430;NOP16;TIMM23;PRELID1;APEX1;HMOX1;DNAJA1;LYSMD2;ACADM;SPIB;HSP90AB1;TLR7;GADD45B;ADO;MTX2;DYNLL1;AGPAT5;SQSTM1;POLR1C;DKC1;HSPD1;IFIH1;HBCN1;ZNF267;YRDC;ADAR;SMARCC1,https://pubmed.ncbi.nlm.nih.gov/30562215/,2019,Table 1
PARK_2019_DEX_LCL_UP,Up-regulated in lymphoblastoid cell lines treated with 1 uM dexamethasone for 6 hr,Park 2019: LCL Dex Up,Lymphoblastoid cells,Primary,Dexamethasone,up,Illumina HumanRef8 v2 BeadChip array,,50,TSC22D3;SAP30;DDIT4;TXNIP;FKBP5;SMIM3;PSCDBP;CASP6;CLIP1;P4HA1;TOX2;SMAP2;SLC16A3;CDCP1;CNDP2;BIN1;S100A10;CCDC6;CCND3;AP3S1;THOP1;FGD2;BTLA;AIDA;HOST2;STRBP;PTPN1;IQGAP2;CCDC102A;COQ8A;FOXN3;SYCP3;DSTN;SORT1;CHPT1;HACD2;EZR;STUM;RASSF2;KLF2;INIP;CFLAR;TMEM243;VKORC1;TIPARP;VAMP5;SLC44A2;RASSF4;SLC15A4;MCUB,https://pubmed.ncbi.nlm.nih.gov/30562215/,2019,Table 1
PENMARI_2020_OAC_DEX_DN,Down-regulated in osteoarthritis chondrocytes treated with Dexamethasone for 24 hr,Penmari 2020: OAC Dex Down,OA Chondrocytes,Primary,Dexamethasone,dn,Bulk RNA-seq,NA,200,PLAU;INHBA;P2RY6;VCAM1;GREM1;HAS2;SLC26A4;ARSI;MXRA5;MYBPH;TSPAN2;NGF;MEST;ESM1;C10orf55;HAS2-AS1;TRPM8;MAP1LC3C;GDF15;TNFSF15;GDF6;IGFBP5;LZTS1;CAMK2A;GABRA4;NOG;TNNT3;SYT13;CCL2;PODXL;PSTPIP1;BDKRB1;MIR31HG;LSP1;CPA4;DIO2;PGF;ATP6V0A4;PKP1;PMP2;COL13A1;KCNA1;P2RX6;RSPO2;KCNE4;SLC2A12;SEMA3A;OSR1;LINC01503;CD34;LFNG;TGFB3;CRABP2;IFIT1;COL27A1;IFNWP19;NDP;DOK7;SCN2B;HS3ST1;GPR88;BTBD11;BIRC7;TENM2;DCSTAMP;CEMIP;SOX4;ARHGAP28;LPAR4;FGFR3;WWTR1-AS1;RGS16;MDFI;PDGFC;PART1;LINC01229;GRIN2C;H19;PLK2;PTGS2;SEMA3D;ADAMTS1;PDE3A;WWTR1;TGM3;PLA2G4A;MMP13;SNCG;HIST1H1A;NOV;BDKRB2;WSCD2;FZD9;GAPLINC;PHOSPHO1;PPFIA4;RFLNA;CDON;TNFRSF6B;LINC01105;FGF7;SLC38A3;IFITM10;RAP1GAP;PRAG1;B3GNT7;GRIP2;IL6;TMEM26;TNFRSF19;BMPER;SEMA6D;LINC01016;EPHB3;IGFBP3;PIEZO2;TDO2;LRRC17;KCNJ12;ELN;CDH11;INHBE;ANGPTL2;ACTC1;GPR68;TUBB3;NDP-AS1;BMF;COL9A1;FAM198B;TMEM158;PHLDA1;MYBL2;SMIM10L2A;SHISAL1;GRIN2A;MAF;SHISA3;BTBD16;SSTR2;SERPINB9P1;TGFB3-AS1;FRMD7;CD79B;MYBL1;SPTSSB;FZD8;GLI1;EGR3;TRIB3;IER3;IGFBP1;CRACR2B;PDE5A;OAF;TRIL;SUSD4;RAB39B;GPD1;WNT5A;LINC01415;IER3-AS1;RTL3;NIM1K;RDH10;C11orf21;CAP2;CD82;EXTL1;LRRC15;TSC22D1;FIBIN;AQP7;HIST1H4A;NANOS1;FOXA3;PGBD5;MYOZ3;CLEC3A;TRERF1;WISP1;E2F2;SPEG;OLFML2B;LIF;SLC6A17;APCDD1L;CSF1;LAMA4;TLR5;FLRT2;FAM129A;RGS4;LRRN2;COL1A1;MMP16;COL11A1;MSX1;PTGIS;LINC00163,https://arthritis-research.biomedcentral.com/articles/10.1186/s13075-020-02289-7,2020,Table S2
PENMARI_2020_OAC_DEX_UP,Up-regulated in osteoarthritis chondrocytes treated with Dexamethasone for 24 hr,Penmari 2020: OAC Dex Up,OA Chondrocytes,Primary,Dexamethasone,up,Bulk RNA-seq,NA,200,GPM6B;SULT1B1;KLRD1;FLRT3;FAM83A-AS1;ZBTB16;FKBP5;PDK4;PTK2B;ABCD2;HAL;GLUL;TFCP2L1;ADRA1B;SLC38A4;ANGPTL5;MAOA;ZPLD1;PDZRN4;SAA1;KCNJ11;CAMK2N1;SULT1E1;KLF9;DUSP1;LINC01384;ABCA6;RSPO3;KLF15;WISP2;CMTM8;CORO6;PCBP3;SAA2;SPINK1;STC1;WNT16;SAA2-SAA4;CAVIN2;TSC22D3;LINC02015;IL1R2;PIK3R1;TNFAIP8L3;SRPX;FLVCR2;PLEKHA6;MYOT;SCNN1A;CCDC68;F2R;KCNJ2;KIT;IL6R;CLTCL1;SSH2;SORBS1;CLVS2;RPGR;F3;AQP9;APOD;IGSF10;MT3;CEBPD;ETNK2;FOXA2;EMP1;TFPI;DUSP4;GADD45B;NFKBIZ;LINC00968;SRGN;ITGB4;LRRC2;TRIM36;TDGF1;APOB;GALNT15;MT2A;ABLIM3;CEACAM1;MACC1-AS1;FGR;MT1X;METTL7A;AGFG2;MT1M;MMP7;DEFB1;NXPE2;TLR2;ITGA9;ABCC9;LINC02289;SLC19A2;SLC7A2;RAB27B;OMD;PDZK1IP1;RASGEF1B;TIMP4;HSPB7;NYAP1;S1PR1;TRIM29;FOXO3;RALGAPA2;CLMN;CALCR;AOX1;SLC14A2;OSBPL5;CBLB;HS3ST3B1;RHOB;NNMT;TLN2;CYP4F22;RIPOR2;ITGA5;AOC2;TRPM3;NUDT4;ARL4D;TRABD2B;RASD1;FBLN5;RHOXF1-AS1;GCNT3;PTX3;IRF4;ERLNC1;PLPP3;CD1D;GGT5;NEXN;OFD1;DCLK1;MARCH3;IL1R1;ASB13;DNAH5;LINC00261;ABLIM2;FAXDC2;NET1;PRKAG2-AS1;TSPAN7;GLULP4;MT2P1;LINC00607;SYNE2;PHLDB2;ADH1B;CLIC6;SYN2;S1PR3;SMPX;ANGPTL7;PRLR;ABCC8;MT1E;B3GNT5;LINC00482;TNC;AKAP12;MT1JP;PSME4;PER1;ELMO1;ADAMTS7P4;ZFP36;LRRN3;ADAMTS9-AS1;OFD1P17;LINC02407;JADE1;USP53;RNF157;TGFBR2;GLRX;PRKAG2;NAV2;ALDH1L1;NAV2-AS2;RGCC;DSC3;MTSS1;AZGP1;DPP4;C5AR2;ANGPTL4;FOS;ITPKC;PHC2;KDR;SMIM3;PRUNE2,https://arthritis-research.biomedcentral.com/articles/10.1186/s13075-020-02289-7,2020,Table S2
ANSARI_2022_LPS_DEX_DEG_DN,Down-regulated in THP-1 cells treated with LPS+DEX vs LPS Alone; Top 200,Ansari 2022: Dex-LPS vs LPS Down,Monocyte,THP-1,Dexamethasone,dn,Bulk RNA-seq,GSE208041,200,IL1RN;RGS16;FCAMR;TGFB3;PIM1;TFPI2;KMO;VCAM1;IL1A;TNFAIP2;P2RX7;EGR2;VEGFC;RXFP1;ATF3;PIM2;PLA2G4A;P2RX4;SLAMF7;STAT4;CCL2;OLR1;IL18R1;CD83;GBP2;HMOX1;RGS3;KYNU;IL6;TNIP3;TSLP;P2RY6;CCDC50;CD80;CXCR5;IRF1;P3H2;IL1B;ACOD1;C1orf21;CD40;PLA2G4C;NRG1;BHLHE40;CD274;GIMAP8;ADORA2A;TAGAP;INSIG1;MGAT4C;SGK1;ERO1B;LAMB3;COL5A3;EPSTI1;DLL4;GBP1;OASL;ETV3L;WARS;IFI16;DDX60L;AMIGO2;IL23A;IL36G;IL18RAP;LGMN;KCNQ4;CASP5;FOXF1;CHST2;GPR137B;MID1IP1;SEMA7A;CDKN2AIP;PERP;SMOX;PLAU;SERPINB7;BET1;CHAC1;SNAI1;TRPA1;CRLF2;BCAR3;CXXC5;ITGB8;KCNA3;ZFYVE16;NEURL3;CD44;CCR1;CXorf21;NAMPT;BCL11A;TMEM200A;TNFAIP6;BTG2;FYN;SLCO3A1;PTGS2;CDK20;DAPP1;DDIT4L;PLSCR1;DDX60;ANKRD1;PHLDA1;DUSP6;FOSL2;EHD1;ICAM5;NABP1;MAMLD1;TMEM138;HCAR3;PHLDB1;EBF1;FAM117A;IRF8;IL15RA;CXCL10;ACVR2A;RASGEF1B;CD82;TNFSF13B;TLR8;ATP1B1;SERPINB9;GBP5;CASP4;MARCKS;RARA;EEPD1;ARNTL;MPZL1;CXCL11;COL8A1;CHST7;GEM;PNPT1;ARHGAP25;SRC;MED14;MARCKSL1;SAMD9L;GBP3;SIM1;LAMP3;STK17A;ATP2C1;RAB7B;CD86;TUBE1;MOB3C;CEP135;RSAD2;NAB2;BCL2A1;CMPK2;PFKFB3;CCL5;RRAD;HERC5;DRAM1;PTPRE;CCL19;IL12B;FGF2;CMTR1;DUSP10;PDPN;SATB1;HBEGF;TLR1;NUDT6;GPR183;ARHGEF11;LIF;HES1;N4BP2L1;PCDH17;MDM1;IDO1;ATXN7L1;MACC1;RARG;CXCL8;KRR1;TSC22D1;ADAMTS1;CXCL9;CTSZ;TNFSF10;CASS4;BAIAP2L1;TRMT61A;MX2;PAPD4;TP53BP1;PDE4B;,https://www.sciencedirect.com/science/article/pii/S2001037022004470,2022,Supplementary Data 2
ANSARI_2022_LPS_DEX_DEG_UP,Up-regulated in THP-1 cells treated with LPS+DEX vs LPS Alone; Top 200,Ansari 2022: Dex-LPS vs LPS Up,Monocyte,THP-1,Dexamethasone,up,Bulk RNA-seq,GSE208041,200,PER1;RASSF4;SLC44A2;LONRF1;HERPUD1;IRAK3;MFGE8;IRX3;MT2A;DENND3;CTSC;TSC22D3;GCLC;RHOB;RP1L1;SEMA4D;TBC1D8;USP2;CCDC40;JDP2;SHOX2;NHSL1;GPC1;ABLIM3;CNKSR3;SLAMF1;PLEKHA7;F3;IL27RA;KLF4;ZNF189;AHNAK;CCNA1;ITPKA;EMP2;TPST1;CTGF;CLTCL1;RAB33A;DHRS3;FSTL3;GAPT;GRAMD2B;SEC14L2;PXYLP1;ACOT11;SMIM3;PIWIL4;DAPK1;MPRIP;FZD7;SMARCA2;SIX2;TBC1D1;TLR2;PTK2B;DUSP1;TCF7L1;RGS19;ZCCHC6;ANGPTL4;CTTNBP2;LAMB1;EGLN1;NUDT16;TRMT6;PSTPIP2;SLCO4A1;FZD9;MKL1;FAM151A;PHC2;TPM1;PMP22;C3AR1;SH3GLB1;QPCT;APCDD1;CSF3;PACSIN2;C16orf45;RBPJ;CD38;LAMA5;HVCN1;PHKA1;TYRO3;DNAH11;ITPKC;AFAP1L1;TMIGD3;OXCT1;SELPLG;UGP2;LINGO3;TBXA2R;PARVB;GADD45A;NCF1;SH2D4A;ZYX;TP53BP2;JADE1;KCNMB1;PABPC4;NCK2;TES;PPARG;MAP3K6;THBS1;USP31;EPS8;GCNT1;SESN1;TBX2;TRIM63;USP53;ADRA2C;INSR;AHDC1;TBX21;INTS10;SPRY1;SLC31A2;ARHGEF10L;ELMO2;SAP30;HCK;FAM129B;PRKCH;GLUL;KCNG1;FAM49B;FGR;MMP19;TNIP2;ROS1;MYCL;PDK4;WDR66;PTX3;ST14;FMN1;SMAP2;PRICKLE1;RBM19;SLA;ORMDL1;RCAN1;ADAMTS8;KIF17;FGD2;FBXO4;COL18A1;PPP2CB;CPM;ELK1;TSNAX;GAB1;BIN1;PMS1;STRA6;PARP8;F2RL3;GPR153;KCNS3;RPAP1;GLT1D1;GAA;FHL3;B4GALT2;CSPG4;SLC25A37;RHOH;ANKRD28;FKBP5;FAR2;ARMC12;RAB20;SLC6A9;PICK1;JAG2;B4GALNT1;FLT3;ENTPD6;FDX1;PIAS3;TAPT1;PPFIBP2;SNX11;CAMKK1;TMEM218;MAPK7;HES6;CYP2R1;FAM105A;IRX5;PEAK3;FADS1;C1QB;DGKA;,https://www.sciencedirect.com/science/article/pii/S2001037022004470,2022,Supplementary Data 2
KATHIRIVEL_2022_TM_DEX_16H_DN,Down-regulated in trabecular meshwork cells treated with Dexamethasone for 16 hours,Kathirivel 2022: TM Dex 16h Down,Trabecular Meshwork,Primary,Dexamethasone,dn,Bulk RNA-seq,NA,50,TP63;KRTAP4-7;GJB2;TMEM108-AS1;LRRN1;FGF16;SPATA31E1;SUCNR1;CCDC141;SERPINB2;FAM19A3;GABRA4;ELOVL2-AS1;IVL;INSM2;LCE3A;LCE1C;NTSR1;TGFA;CXCR4;KRT19;RNU6-118P;MS4A12;TNFRSF9;NR1D1;SLC7A14;FER1L6;MCHR1;CYTIP;CSF2;RNU6-137P;CDC20B;KRT16;KRTAP4-12;TACR1;EVI2;EBF3;GRPR;IL1B;CSNK1A1P1;ESM1;GRIN2A;TRIML2;BCL2A1;IL1RN;ERMN;PTHLH;FST;ALDH1A3;KCNK3,https://www.nature.com/articles/s41598-022-12443-7,2022,Table S3A
KATHIRIVEL_2022_TM_DEX_16H_ONLY_DN,Down-regulated in trabecular meshwork cells treated with Dexamethasone for 16 hours exclusive of 7 days,Kathirivel 2022: TM Dex Early Down,Trabecular Meshwork,Primary,Dexamethasone,dn,Bulk RNA-seq,NA,50,KRTAP4-7;TMEM108-AS1;LRRN1;FGF16;SPATA31E1;SUCNR1;CCDC141;SERPINB2;GABRA4;ELOVL2-AS1;IVL;INSM2;LCE3A;LCE1C;NTSR1;TGFA;CXCR4;KRT19;RNU6-118P;MS4A12;TNFRSF9;NR1D1;FER1L6;CYTIP;CSF2;RNU6-137P;CDC20B;KRT16;KRTAP4-12;TACR1;EVI2A;EBF3;GRPR;IL1B;CSNK1A1P1;ESM1;GRIN2A;TRIML2;BCL2A1;IL1RN;ERMN;PTHLH;ALDH1A3;KCNK3;NR1D2;CDCP1;IFNWP2;USP50;NRG1;MIR146A,https://www.nature.com/articles/s41598-022-12443-7,2022,Table S3D
KATHIRIVEL_2022_TM_DEX_16H_ONLY_UP,Up-regulated in trabecular meshwork cells treated with Dexamethasone for 16 hours exclusive of 7 days,Kathirivel 2022: TM Dex Early Up,Trabecular Meshwork,Primary,Dexamethasone,up,Bulk RNA-seq,NA,50,CCAT1;CIDEC;NDST4;CNR1;FAM105A;ALOX15B;SAA2-SAA4;UBA52P8;PNMT;CCL3L3;ALOX5AP;FAM107A;LINC00964;ACKR1;CADM3-AS1;OR3A1;RBMY1A3P;APOB;LINC00332;ZNF840;SLC17A3;OMD;IP6K3;IL18;LIX1;CD163;KDF1;CDH20;C10orf10;NKD1;WISP1;STK31;GDF7;HLF;SNORA9;GPR64;PPP1R1B;SERF1A;IL1R2;SORBS2;IFNLR1;TPRG1-AS1;NEBL;EFHD1;ANKRD1;PRR15;FOXO1;GRIA1;LRRTM3;LMO3,https://www.nature.com/articles/s41598-022-12443-7,2022,Table S3D
KATHIRIVEL_2022_TM_DEX_16H_UP,Up-regulated in trabecular meshwork cells treated with Dexamethasone for 16 hours,Kathirivel 2022: TM Dex 16h Up,Trabecular Meshwork,Primary,Dexamethasone,up,Bulk RNA-seq,NA,50,ZBTB16;OCA2;LEP;CCAT1;CIDEC;NDST4;OLAH;CNR1;FAM105A;SAA1;ALOX15B;HIF3A;LGI3;SAA2-SAA4;C7;UBA52P8;PNMT;CCL3L3;ALOX5AP;FAM107A;RGCC;LINC00964;ACKR1;CADM3-AS1;OR3A1;H19;RBMY1A3P;ANGPTL7;APOB;LINC00332;ZNF840;PDK4;MOB3B;SLC17A3;ADH1B;SAA2;OMD;IP6K3;IL18;LIX1;MARCH10;CD163;KDF1;CDH20;C10orf10;NKD1;MAOA;WISP1;KLF15;STK31,https://www.nature.com/articles/s41598-022-12443-7,2022,Table S3A
KATHIRIVEL_2022_TM_DEX_7D_DN,Down-regulated in trabecular meshwork cells treated with Dexamethasone for 7 days,Kathirivel 2022: TM Dex 7d Down,Trabecular Meshwork,Primary,Dexamethasone,dn,Bulk RNA-seq,NA,50,NPY;PRSS22;LRRC26;HOXB13;ACPP;RLN1;KLK3;PRAC1;GIMAP1;KLK2;KLK4;AQP1;MSMB;ST14;PAGE4;TPSAB1;TPSB2;KRT15;LINC01297;HOXA10;GIMAP7;IGHG3;HOXA9;HLA-DQB1;KRT5;UPK3A;AZGP1;IGLC3;RAMP3;COL9A1;DES;MT1H;FXYD3;CCDC64B;MMP7;CHRNA2;GYLTL1B;PLVAP;SPDEF;CD177;SERPINB11;DIO3OS;SFN;KCNQ1;HOXA13;FAM110D;IRX4;HLA-DRA;C1orf116;PDE9A,https://www.nature.com/articles/s41598-022-12443-7,2022,Table S3B
KATHIRIVEL_2022_TM_DEX_7D_ONLY_DN,Down-regulated in trabecular meshwork cells treated with Dexamethasone for 7 days exclusively,Kathirivel 2022: TM Dex Late Down,Trabecular Meshwork,Primary,Dexamethasone,dn,Bulk RNA-seq,NA,50,NPY;PRSS22;LRRC26;HOXB13;ACPP;RLN1;KLK3;PRAC1;GIMAP1;KLK2;KLK4;AQP1;MSMB;ST14;PAGE4;TPSAB1;TPSB2;LINC01297;HOXA10;GIMAP7;IGHG3;HOXA9;HLA-DQB1;KRT5;UPK3A;AZGP1;IGLC3;RAMP3;COL9A1;DES;MT1H;FXYD3;CCDC64B;MMP7;CHRNA2;GYLTL1B;PLVAP;SPDEF;CD177;SERPINB11;DIO3OS;SFN;KCNQ1;HOXA13;FAM110D;IRX4;HLA-DRA;C1orf116;PDE9A;RAB25,https://www.nature.com/articles/s41598-022-12443-7,2022,Table S3E
KATHIRIVEL_2022_TM_DEX_7D_ONLY_UP,Up-regulated in trabecular meshwork cells treated with Dexamethasone for 7 days exclusively,Kathirivel 2022: TM Dex Late Up,Trabecular Meshwork,Primary,Dexamethasone,up,Bulk RNA-seq,NA,50,MYOC;BHLHE22;APOD;PRODH;P2RY14;LSP1;SCN3A;PRR33;IGF2;IGF2-AS;LINC00702;SAMHD1;FHL5;STEAP4;TRAV39;FMO2;ANKRD2;CHI3L2;STOX1;KCNE1;MIR5690;TLDC2;ADRA1B;ADH1A;NTRK2;XRCC6P2;NEDD9;USP2;LINC00525;SLC16A10;FAS-AS1;SOAT2;MYBPHL;ADH4;GALNT15;LINC00704;FGFR4;RNA5SP111;TNFAIP8L3;TRPC3;TIMP4;FPR1;ACA59;C3;SLCO4A1;MAP1LC3C;MIR5685;KIAA1456;RAMP2-AS1;FAM46B,https://www.nature.com/articles/s41598-022-12443-7,2022,Table S3E
KATHIRIVEL_2022_TM_DEX_7D_UP,Up-regulated in trabecular meshwork cells treated with Dexamethasone for 7 days,Kathirivel 2022: TM Dex 7d Up,Trabecular Meshwork,Primary,Dexamethasone,up,Bulk RNA-seq,NA,50,ZBTB16;SAA1;MYOC;OCA2;H19;BHLHE22;APOD;SAA2;HIF3A;PRODH;FKBP5;P2RY14;LSP1;SCN3A;ANGPTL7;PRR33;CPM;LEP;IGF2;IGF2-AS;ADH1B;RGCC;LINC00702;SLC16A12;ANGPTL1;SAMHD1;FHL5;LINC01088;STEAP4;MAOA;TRAV39;FMO2;ANKRD2;CHI3L2;STOX1;KCNE1;GIP;MRO;MIR5690;TLDC2;ADRA1B;ADH1A;NTRK2;XRCC6P2;NEDD9;USP2;LINC00525;SLC16A10;NRCAM;FAS-AS1,https://www.nature.com/articles/s41598-022-12443-7,2022,Table S3B
GO_0071549_CELLULAR_RESPONSE_TO_DEXAMETHASONE_STIMULUS,GO Cellular response to Dexamethasone,GO: Cellular response to Dex,NA,NA,Dexamethasone,up,NA,NA,27,CASP9;SERPINF1;IGF1R;EIF4E;PCK1;FBXO32;JAK2;ARG1;CFLAR;MSTN;BMI1;RPS6KB1;SRD5A1;NR3C1;AQP1;TFAP4;METTL21C;ASS1;ERRFI1;ATP5F1A;DDIT4;SMYD3;PCK2;GJB2;PLAT;AXIN2;USP8,http://amigo.geneontology.org/amigo/term/GO:0071549,,
ZHU_2011_CRBN_KD_DN,Down-regulated >2-fold in either OPM2 cells treated with anti-CRBN shRNA,Zhu 2011: shCRBN Down,Multiple Myeloma,OPM2,Lenalidomide,dn,Affymetrix U133Plus Version 2.0 Array,GSE31421,30,ANKRD16;BCL11A;C1orf144;C2orf88;CMAH;COL24A1;CRIM1;EPHB2;FAM167A;FKBP11;FRMD6;GEM;GRB14;HEY2;ICAM2;ID1;KCNN3;KCTD12;KMO;LOC100131819;MGC39584;PDK1;PIK3AP1;PPARGC1A;RERG;RGS16;SLAMF7;SRBD1;TEC;TFDP2;ZDHHC14,https://ashpublications.org/blood/article/118/18/4771/29339/Cereblon-expression-is-required-for-the,2011,Table S2
ZHU_2011_CRBN_KD_UP,Up-regulated >2-fold in either OPM2 cells treated with anti-CRBN shRNA,Zhu 2011: shCRBN Up,Multiple Myeloma,OPM2,Lenalidomide,up,Affymetrix U133Plus Version 2.0 Array,GSE31421,150,ABHD12;AFAP1L2;AJAP1;ANTXR1;ANTXR2;ANXA6;APOL6;ASB2;ATP10D;ATP7A;BLNK;BLVRA;C10orf99;C10orf99;C11orf67;C12orf57;C13orf31;C1RL;C20orf103;C4orf33;C4orf34;CADPS2;CAP2;CARD16;CASP1;CAV2;CCNG2;CD38;CDKN1A;CDKN1C;CIITA;CLEC3B;CLU;CRTAP;CTSO;CX3CR1;CXCL13;DDAH2;DDX60L;DMD;DNAJC5B;DNM3;DOCK4;DOCK5;EFCAB2;EMR1;EPSTI1;ETS1;FERMT2;FYN;FZD7;GABBR1;GADD45A;GAS6;GATA3;GLIPR2;GNPDA1;GPRASP2;GRN;HLA-DMA;HLA-DMB;HLA-DPA1;HLA-DPB1;HLA-DQA1;HLA-DQB1;HLA-DQB1;HLA-DRB1;HLA-DRB1;HLA-DRB1;HMOX1;IER5L;IFI27;IFIH1;IFIT1;IFIT3;IFIT5;IFITM1;IQGAP3;ITGB5;JUP;KIAA1644;KLF4;KLF9;KLHL5;LGALS1;LHFP;LHFPL2;LHX8;LMNA;LPCAT2;MAP2;MB;METTL7A;MGLL;MIR21;MMD;MTMR11;MYBPC2;NDRG1;NFKBIZ;NMI;NOG;NQO1;OPTN;ORAI3;OTUB2;OTUD1;PBLD;PES1;PGCP;PHF15;PLCB4;PLEKHA5;PON1;PPFIBP1;PRKCQ;PRTFDC1;RARRES3;RTP4;SCN9A;SDC2;SEMA5A;SEPP1;SERPINH1;SIPA1L2;SLCO4C1;SLPI;SNX24;SNX7;SOCS3;SPRR2B;SPRR3;TAGAP;TBC1D9;TCN2;TDO2;TLR4;TMEM173;TMEM2;TMEM49;TPBG;TRIM36;TRIM38;TSPAN5;UTRN;VAMP8;WASF1;WT1;YPEL2;ZNF462;,https://ashpublications.org/blood/article/118/18/4771/29339/Cereblon-expression-is-required-for-the,2011,Table S2
ZHU_2011_LEN_DN,Down-regulated in OPM2 cells treated with lenalidomide,Zhu 2011: Len Down,Multiple Myeloma,OPM2,Lenalidomide,dn,Affymetrix U133Plus Version 2.0 Array,GSE31421,636,AARSD1;ABCD3;ABCF2;ABHD10;ABHD14A;ACACA;ACADSB;ACOT7;ACPL2;ACSM3;ADAM23;ADAT2;ADCY1;ADCY3;ADK;AGL;AGPAT5;ALDH18A1;ALDH1B1;ALDH1L2;ALDH5A1;ALG3;ALKBH2;ALKBH8;ALS2CR4;AMN1;AMPD1;ANKRD16;ANKRD28;ANKRD37;ANKRD46;ANKS6;ANO5;AP1S3;APEH;APTX;AQP3;ARAP1;ARHGAP9;ASB13;ASNS;ASPH;ASS1;ATF3;ATP11B;ATP6V1E2;ATP8B1;AVL9;B9D1;BAG5;BAIAP2L1;BCDIN3D;BCL11A;BCORL1;BCS1L;BDH1;BEX2;BICD1;BOP1;BTN3A1;BTN3A2;BXDC1;BYSL;C10orf137;C10orf2;C10orf75;C12orf24;C12orf29;C12orf30;C12orf52;C12orf66;C12orf76;C13orf1;C13orf37;C14orf126;C16orf13;C16orf14;C16orf59;C16orf88;C17orf39;C17orf81;C17orf96;C18orf19;C19orf2;C19orf42;C1orf135;C1orf226;C1orf69;C21orf33;C3orf26;C3orf39;C3orf52;C4orf31;C4orf32;C5orf28;C5orf33;C5orf34;C6orf136;C6orf192;C6orf225;C8orf33;C8orf44;C9orf72;C9orf91;CABLES1;CALML4;CARS;CBR4;CBX2;CBX5;CCDC41;CCDC42B;CCDC52;CCDC77;CCDC86;CCPG1;CCRN4L;CD3EAP;CD48;CD55;CDCA7L;CDS1;CEBPB;CECR5;CEP110;CEP68;CFI;CHAC1;CHST10;CLEC2L;CLMN;CLN6;CLYBL;CMAH;CMTM8;CNOT6L;COL24A1;COQ3;CPSF6;CPT1A;CREB3L2;CRIM1;CTH;CTTN;CUTC;CXorf15;DAB1;DACH1;DBN1;DCAF17;DCAF4;DCPS;DDHD2;DDIT3;DDX10;DDX19A;DDX31;DDX51;DDX54;DDX59;DEPDC6;DGAT2;DHCR7;DHODH;DHX33;DHX9;DIMT1L;DIXDC1;DKC1;DLAT;DNMT3B;DNPEP;DOCK9;DPH5;DUS3L;DUS4L;DUSP6;E2F5;ECE2;EEF1E1;EIF2B3;EIF4EBP1;ELL2;ENDOG;ENOSF1;EPB41L3;EPHB2;EPM2A;EPOR;EPRS;ERCC8;ERN1;ERO1L;ESCO1;ETS2;ETV5;EXOSC2;EXOSC4;EXOSC5;FAM107B;FAM118A;FAM149A;FAM162A;FAM167A;FAM27A;FAM27E3;FAM60A;FAM60A;FAM70A;FAM84B;FDXACB1;FECH;FGF13;FGFR3;FIGNL1;FJX1;FKBP11;FKBP4;FKBP7;FLJ22167;FLJ25006;FLJ27352;FLRT1;FREQ;GAB1;GABRB2;GALNTL4;GAN;GART;GATM;GCAT;GDPD1;GEM;GEMIN4;GEMIN5;GEMIN8;GFPT1;GK5;GLCCI1;GLS;GNG7;GNL3L;GOLM1;GOT1;GPAM;GPD1L;GPHN;GPR37;GPT2;GRAMD1A;GRB14;GSG2;GUF1;HACE1;HAUS6;HAUS7;HEATR1;HEATR2;HEY2;HINT3;HIP1R;HK2;HLTF;HPDL;HRASLS;HRSP12;HSPA4L;HSPA9;HSPBP1;HSPC159;ICAM2;IDH3A;IDI2;IL15;IL15RA;IL21R;IMPA2;INHBE;INPP5F;INSR;IPO11;IPO4;IQCB1;IRAK1BP1;ITPR1;JAKMIP1;JDP2;KCNN3;KCTD12;KCTD15;KDM4A;KHK;KIAA0090;KIAA0564;KIAA0746;KIAA0922;KIAA1211;KIAA1430;KLF15;KLHL21;KLHL23;KLHL6;KRAS;LARS;LETM1;LIAS;LIG3;LNP1;LOC100129022;LOC100129250;LOC100129673;LOC100131262;LOC100131819;LOC100132288;LOC100170939;LOC100292863;LOC148189;LOC153346;LOC169834;LOC202451;LOC284926;LOC389641;LOC399491;LOC645249;LOC729680;LOC730631;LONP1;LRP8;LRPPRC;LRRC8B;LRRIQ3;LYAR;LYRM4;LYRM7;MAK16;MAPK14;MAPKAPK3;MARS;MARS2;MBLAC2;MBNL2;MBTD1;MCCC2;MCM3APAS;MCM6;MDM1;MDN1;ME2;MECR;METRNL;METTL8;MFAP3L;MFSD6;MGA;MGC29506;MGC39584;MINA;MIOS;MIPEP;MKX;MLL;MMACHC;MON1A;MORC4;MPP6;MRPL4;MRPS12;MRPS15;MRPS25;MRTO4;MT2A;MTERFD3;MTHFD1L;MTR;MTUS1;MTX3;MYC;MYCBP2;MYCN;NAP1L3;NARG2;NARS2;NCOA7;NCRNA00081;NDUFAF2;NDUFAF4;NEDD1;NEDD9;NEK6;NETO2;NFE2L1;NFIA;NIN;NKIRAS1;NLE1;NMD3;NME1;NMT2;NOC3L;NOLC1;NOP16;NOP2;NPM3;NT5DC2;NUBPL;NUDT11;NUDT7;NUFIP1;ODF2;OMA1;OSBPL6;OSGEPL1;P2RX5;PARD6B;PCID2;PCK2;PCSK5;PDCD11;PDCD2L;PDCD4;PDE4A;PDK1;PDSS1;PECR;PEX13;PEX5;PFKM;PGAP2;PHF20;PIAS2;PIGX;PIK3AP1;PIM2;PLAGL2;PLD6;PLXNC1;PMAIP1;PMS1;PNPT1;PODXL;POLG2;POLR1B;POLR3B;POLR3G;POU3F2;POU4F1;PPAN;PPARGC1A;PPM1A;PPM1E;PPM1H;PPM1M;PPPDE2;PRDM13;PRKAG3;PRKAR2B;PRMT3;PRPS1;PSME3;PSPH;PTCD3;PTPN13;PTPN4;PTRH1;PUS1;PUSL1;PWP2;PXK;PYCR1;QTRT1;RAB30;RAB38;RABEPK;RAP1A;RAPGEF5;RASA2;RCL1;RELN;RERG;RFXAP;RGS16;RHEBL1;RIOK1;RIPK2;RNF126;RNF187;ROR1;RPAIN;RPIA;RRP1;RRP7A;RSAD1;RTN4IP1;RUNDC3B;RUVBL1;S100PBP;SCD;SCFD2;SCLT1;SDCCAG3;SEC22C;SEC24A;SEL1L;SERF1A;SESN2;SETD6;SETMAR;SFXN4;SH3YL1;SHMT2;SIP1;SKP1;SKP2;SLAMF7;SLC11A2;SLC16A1;SLC16A9;SLC19A1;SLC19A2;SLC25A10;SLC25A12;SLC25A15;SLC25A19;SLC25A4;SLC38A1;SLC39A14;SLC39A3;SLC39A4;SLC39A6;SLC3A2;SLC4A5;SLC4A7;SLC5A6;SLC7A1;SLC7A11;SLC7A2;SLC7A5;SMCR7L;SNAPC1;SNHG3;SNHG9;SNRPN;SNX25;SOCS7;SOD2;SORD;SPOPL;SR140;SRBD1;SRI;SRM;SRXN1;SSBP4;ST6GAL1;ST6GALNAC4;STAMBPL1;STX11;STXBP1;STXBP6;TAF4B;TARBP1;TATDN3;TBC1D24;TBC1D4;TBL3;TBRG4;TCOF1;TEAD4;TEC;TESC;TET1;TEX19;TFDP2;TGFBR2;TGIF2;THAP4;THNSL1;THUMPD2;TIFA;TIMM44;TLCD1;TM7SF3;TMEM117;TMEM201;TMEM206;TMEM216;TMEM38B;TMEM5;TMEM64;TMEM68;TMEM97;TMTC3;TMTC4;TMX3;TNFRSF10B;TNFRSF21;TP53RK;TRAP1;TRIB3;TRIM13;TRMT1;TSEN15;TSEN2;TTC27;TTC3;TTLL12;TUBE1;TUBGCP4;TUFM;UCHL1;UNC13C;USP25;USP36;USP42;USP45;VARS2;WASF3;WDR12;WDR17;WDR3;WDR36;WDR4;WDR43;WDR67;WDR77;WDR8;XPO5;YRDC;ZC3H8;ZDHHC14;ZNF146;ZNF273;ZNF275;ZNF280C;ZNF706;ZNRF3,https://ashpublications.org/blood/article/118/18/4771/29339/Cereblon-expression-is-required-for-the,2011,Table S2
ZHU_2011_LEN_UP,Up-regulated in OPM2 cells treated with lenalidomide,Zhu 2011: Len Up,Multiple Myeloma,OPM2,Lenalidomide,up,Affymetrix U133Plus Version 2.0 Array,GSE31421,629,ABCA7;ABHD12;ACVR1B;ACYP2;AFAP1L2;AHCYL2;AKAP7;AKT3;ALG14;ALPK2;AMPD3;ANK1;ANKRD23;ANKRD29;ANO4;ANTXR1;ANTXR2;ANXA4;ANXA6;AP4B1;APOBEC3C;APOBEC3G;APOL1;APOL2;ARF3;ARG2;ARHGEF3;ARID5A;ARL6IP5;ASAP2;ASB2;ASPHD2;ATG10;ATP10D;ATP13A2;ATP1B1;ATP2B4;ATP7A;AUTS2;AVEN;BACH2;BAK1;BBS12;BCL2L11;BCL2L15;BCL3;BIN2;BLNK;BLVRA;BLVRB;BMPR2;BNIP3L;BTBD6;BTBD7;BTC;C10orf26;C10orf99;C11orf21;C11orf41;C11orf67;C12orf26;C12orf57;C13orf31;C15orf57;C17orf91;C19orf66;C1orf21;C1orf54;C1orf56;C1orf63;C1RL;C20orf103;C20orf112;C3AR1;C4orf34;C5;C5orf39;C6orf115;C9orf122;C9orf95;CACNA1A;CACNB3;CALHM3;CAP2;CAPG;CAPN2;CAPN3;CARD16;CARD6;CARHSP1;CASP1;CASP4;CAV1;CAV2;CC2D1B;CCDC102A;CCDC88A;CCL2;CCL5;CCND2;CCR1;CD164;CD38;CD68;CD74;CD82;CDA;CDC14B;CDC42EP3;CDC42EP4;CDH1;CDK2AP2;CDK5R1;CDKN1A;CDKN1C;CEACAM1;CEACAM21;CELSR1;CGN;CHMP4C;CHST15;CIITA;CITED2;CLDN14;CLEC3B;CLK4;CLU;CMBL;CORO1B;CORO7;CPEB2;CPEB4;CPNE8;CRTAP;CRYBG3;CSAD;CSF2RB;CTSB;CTSO;CTSS;CTTNBP2NL;CX3CR1;CXCL13;CXCR3;CXorf23;CYP19A1;CYP1B1;CYSLTR1;CYTH1;DAPP1;DCBLD2;DDAH2;DDX58;DDX60;DDX60L;DENND5B;DKK1;DMAP1;DMD;DNAJB12;DNAJC5B;DNM3;DOCK4;DOCK8;DOK2;DOK4;DSE;DSEL;DTX3L;EFCAB2;EFNA5;EFNB2;EHBP1L1;ELF3;ELF4;ELMO2;EMP1;EMR1;EPB41L1;EPHA4;EPSTI1;ETHE1;ETS1;FAM101B;FAM110A;FAM113A;FAM129B;FAM20C;FAM26E;FAM59A;FAM82A1;FAM84A;FAM85A;FAT4;FBXL7;FCHO2;FERMT2;FGD6;FGL2;FGR;FLJ10357;FLJ32810;FLNA;FLNB;FMN1;FN1;FNBP1L;FOSL2;FOXO6;FRMD4B;FZD5;FZD7;FZD8;GABBR1;GADD45A;GADD45B;GALNT10;GANC;GARNL4;GAS6;GATA3;GBP3;GCNT3;GGT1;GGTLC1;GJA1;GLIPR2;GNPDA1;GORASP1;GPR124;GPR171;GPRASP2;GRN;GSTA4;GTF2F1;H2AFY;H2BFS;HCFC1R1;hCG_1806964;HDAC4;HECTD2;HEY1;HGSNAT;HHATL;HIST1H2AC;HIST1H2AD;HIST1H2AG;HIST1H2AM;HIST1H2BD;HIST1H2BE;HIST1H2BH;HIST1H2BK;HIST1H4H;HLA-DMA;HLA-DMB;HLA-DPA1;HLA-DPB1;HLA-DQA1;HLA-DQB1;HLA-DRA;HLA-DRB1;HLA-DRB4;HLA-DRB6;HMOX1;HNRNPD;HSPA1A;ID2;ID3;IER5L;IFI27;IFI27L2;IFI35;IFI44;IFI6;IFIH1;IFIT3;IFIT5;IFITM1;IFITM2;IGF1;IGSF11;IKBKE;IL10RA;IL12RB1;IL13RA1;IL2RG;IL4R;ING4;IQGAP3;IRF9;ISG15;ISG20;ISY1;ITGB5;ITGB7;ITGB8;ITM2C;JAG1;JUN;JUP;KANK1;KANK2;KAT2B;KCNS3;KIAA0125;KIAA0226;KIAA0913;KIAA1618;KIAA1644;KIAA1671;KIAA1737;KIAA1841;KIAA1949;KIF16B;KLF2;KLF3;KLF4;KLF5;KLHL5;KRT86;LAPTM5;LAT;LCP2;LEPR;LGALS1;LHFP;LHFPL2;LILRB4;LMBR1;LMNA;LOC100130837;LOC100131096;LOC100132181;LOC100286937;LOC100288387;LOC100292909;LOC150622;LOC151162;LOC196415;LOC283352;LOC283788;LOC441208;LOC613266;LOC645431;LOC729013;LOC729570;LOC729806;LOC730101;LPCAT2;LPP;LRP10;LRRC16A;MACROD2;MAF;MAMDC2;MAN2B2;MAP2;MAP3K8;MAP4K3;MB;MEGF6;MEGF9;MEI1;MEIS1;METTL7A;MGC16121;MGLL;MIR21;MITF;MMD;MOBKL2C;MORC1;MRPS14;MSRA;MTHFR;MTMR11;MVP;MXD4;MYBPC2;MYO5B;MYOF;NAMPT;NAT1;NCRNA00094;NCRNA00182;NDRG1;NDUFC1;NEAT1;NFKBIE;NFKBIZ;NIT1;NME7;NMI;NMU;NOG;NOL12;NOL3;NPHP3;NQO1;NR2C1;NR2F1;NR3C2;NRIP1;NT5E;NTN4;OAS1;OASL;OAZ3;ODZ3;OFD1;OPTN;ORAI3;OSBPL7;OTUB2;OTUD1;P2RX4;P2RY6;PAQR8;PBLD;PBX1;PBX3;PBXIP1;PCBP2;PCGF2;PCYOX1L;PDGFRL;PDLIM5;PEA15;PECAM1;PES1;PGCP;PHACTR2;PHC1;PHF11;PHF15;PIGM;PINK1;PLD4;PLEKHA5;PLEKHM3;PLEKHO2;PLXNB2;PMEPA1;PON1;PON2;PPIC;PPP1R13B;PPP1R9A;PPP2R4;PRDM4;PROS1;PRTFDC1;PS1TP4;PSEN1;PTEN;PTGER4;PTPN22;PTPRM;PYGB;RAB3B;RAC2;RAI14;RALB;RARRES3;RASAL3;RASEF;RASSF4;RBKS;RBM9;RCBTB2;RCOR3;RGS4;RHBDF2;RHOB;RHOU;RIN2;RNF125;RNF19B;RNF213;RORA;RRAS;RSBN1;RTKN2;RTP4;RXRA;S100A11;S100A16;S1PR2;SAMD9L;SAP30L;SATB1;SCN9A;SCYL2;SDC2;SELPLG;SEMA5A;SEPP1;SEPT8;SERAC1;SERP1;SERPINH1;SERTAD1;SGCB;SGPL1;SGSH;SH3BGRL2;SH3BP5;SH3RF3;SIPA1L2;SLC15A4;SLC17A5;SLC24A1;SLC25A45;SLC26A11;SLC30A1;SLC31A2;SLC35F5;SLC37A4;SLC44A1;SLC7A7;SLC7A8;SLC9A9;SLCO3A1;SLPI;SMAD3;SMAD6;SMOX;SNTB2;SNX7;SOCS3;SORT1;SOX11;SP100;SPATA5L1;SPN;SPPL2A;SPRR2B;SPRR3;SPRY2;SPSB1;SPTAN1;SPTLC2;SRGAP2;ST14;ST7OT1;STARD10;STAT4;STBD1;STK10;STYXL1;SULF1;SYNJ1;TAF1D;TAF9B;TAGAP;TBC1D9;TBCEL;TCEA2;TCF4;TCF7L2;TCN2;TDO2;TDRD7;TDRKH;TFEC;TIMP1;TLR4;TM9SF1;TMC6;TMCC2;TMEM107;TMEM127;TMEM173;TMEM2;TMEM200A;TMEM37;TMEM47;TMEM49;TMEM56;TMEM62;TMEM72;TMUB2;TNFAIP8L2;TNFRSF14;TNS3;TP53INP2;TPBG;TPM1;TPP1;TRAF3IP3;TRAPPC6A;TRIM16;TRIM38;TRIM58;TRIM8;TRIOBP;TSHZ3;TSPAN4;TUG1;UBE2F;UEVLD;UST;UTRN;VAMP8;VCL;VEZT;VIM;WASF1;WDFY3;WHAMM;WT1;XAF1;YPEL2;YPEL3;YPEL5;ZBP1;ZFP36L2;ZFYVE16;ZNF124;ZNF248;ZNF319;ZNF37B;ZNF443;ZNF462;ZNF467;ZNF503;ZNF823;ZNF827;ZNFX1,https://ashpublications.org/blood/article/118/18/4771/29339/Cereblon-expression-is-required-for-the,2011,Table S2
ZHU_2019_XG1_LEN_RES_DN,Down-regulated in XG1 cells vs XG1LenRe cells,Zhu 2019: XG1 Up vs XG1 Len Res,Multiple Myeloma,XG1,Lenalidomide,up,Bulk RNA-seq,NA,200,LOH12CR2;OSCP1;TSSK5P1;ISCA1P1;AC011995.3;LRRC16B;OR8T1P;EEF1A1P13;SRRM2-AS1;RP11-458D21.1;AP000473.5;AC000068.9;GS1-124K5.10;DRD4;PEX11G;RP11-73O6.3;BMS1P18;RP11-1376P16.2;AC091814.3;RP11-220D10.1;RP11-9M16.2;AC004985.12;ADAP2;RP11-445O3.3;RP1-244F24.1;GUSBP2;RP11-397A16.2;RPL23P8;MAP7D2;STON1;KIAA1875;HCN2;SPATA17;LINC00893;AP001469.7;PIH1D2;LL09NC01-251B2.3;RP11-466C23.4;BIK;AC007192.6;CCR2;RP11-20B24.5;FAM150B;RP11-355O1.11;RP3-375P9.2;AC010525.1;RP11-242D8.3;PHEX;RP5-899B16.1;RPL4P1;SH2D1A;TNFRSF6B;RP5-1198O20.4;ALG1L6P;RASSF4;ARC;ZNF813;AP001432.14;RP11-867G23.12;FLRT1;TMC4;AC137934.1;ITIH3;ZNRF2P1;NPIPA7;AL590708.1;CTC-479C5.17;RP11-42O15.3;ANKRD61;RP11-203J24.8;DBNDD2;PPP1R1A;ZAP70;DGKQ;RP11-22B23.2;RPS20P35;LDLRAD4;AC005614.3;LINC01125;WNT2B;CALM2P2;RP11-58A11.2;CTA-14H9.5;AC015849.19;EFEMP2;CTC-425O23.2;DAP3P1;RP11-6O2.3;RP1-261G23.7;RP1-203P18.1;RP11-361K17.2;AL021068.1;UBA52P6;SCARNA2;RP11-448G15.3;RP11-452L6.1;AC006014.8;RP11-894P9.1;HMGA1P8;NHLRC4;RP11-553P9.1;TMEM91;AC018462.2;RP11-163N6.2;ARHGAP40;PCDHB5;CTA-253N17.1;AC097523.1;GS1-124K5.6;RP4-548D19.3;MYRFL;SNORA3;AP006216.11;RILP;LINC00858;RP3-327A19.5;GOLGA6L5P;CTD-3222D19.7;NPIPB11;SLC25A5P1;ZFP69B;NIM1K;AC010524.2;FAM213B;RP11-110I1.5;CXCR6;RP11-599J14.2;VSIG10;CPAMD8;ETV2;SNX18P13;BOK;TMEM249;SPDYE8P;RPL5P8;ZNF433;AURKC;RP4-706A16.3;RP11-225B17.2;C9orf147;CCDC81;RP11-305F18.1;RP11-109E12.1;B3GALT4;AF129408.17;RP13-297E16.4;C9orf163;ATXN7L1;RP11-328P23.3;SNORD36C;EI24P2;AC004951.5;BCAS1;KB-1572G7.3;SHB;CTD-2666L21.3;RP11-327P2.5;RP11-250B2.6;CTD-2021A8.3;CECR2;SLC25A34;APLP1;MIR564;SLC17A7;RP11-363E7.4;RP11-266K4.9;CLDN22;DSTNP1;AC002116.7;SNORA57;RP11-244J10.1;CTD-2010I16.1;GABRR3;CYP3A5;AC006116.17;SNORD10;AL928654.1;RP11-276M12.1;SNORD62B;AC104653.1;CTD-2105E13.14;RXRA;RP11-430B1.2;CTD-3224K15.2;CTD-2105E13.15;AC010422.1;FLNB-AS1;CILP2;DNAJB13;PRKCQ;RP11-744D14.1;FRMD4A;SNORD32A;RP11-258C19.4;RP11-365F18.1;HYI-AS1;PYROXD2;RHOQP2;AC005943.4;ATP5F1P5,https://www.nature.com/articles/s41408-019-0173-0,2019,Table S1
ZHU_2019_XG1_LEN_RES_UP,Up-regulated in XG1 cells vs XG1LenRe cells,Zhu 2019: XG1 Down vs XG1 Len Res,Multiple Myeloma,XG1,Lenalidomide,dn,Bulk RNA-seq,NA,200,CAV1;HIST1H1C;DOK5;SPATA31D1;C10orf10;GREM1;ZNF37A;EDNRB;TRIB2;MFNG;RP11-462G2.1;HPGD;APBB1IP;IL32;AGT;CLEC7A;ASTN1;SOCS3;NLRP2;NLRC5;CD180;IL6;PTPRC;PLD1;IGLV3-1;CBX5;MALRD1;CHRM2;TNFRSF18;SLA;CCND2;SEMA6D;BCL3;FRG2C;HHLA2;AC073072.5;INF2;RHOU;F2R;ADAM19;KCNN3;HBEGF;CLEC9A;PTP4A3;SHCBP1;TBC1D1;CD99L2;LAT2;B4GALNT1;MAP2;MMP13;PIEZO2;MYCT1;CAPN5;MAGEA12;NDNF;JAZF1;CD53;SEMA3C;FCER1G;SULF1;APBA2;HIST1H2AC;LIPH;TOX;STAT3;JAKMIP2;DTX1;COL4A6;HMGB3;CABLES1;COL6A3;FYB;CLGN;ITGB1;ATP6AP1;SPTB;ONECUT2;SLC26A10;ARHGAP15;PBX1;PBK;MIER2;PHTF2;DPYSL3;LY6E;PTPRR;CLCN4;HEG1;VBP1;COL24A1;MLC1;AMY2A;LINC00861;GBP2;TLE1;BCL6;TP53INP1;UGT2B17;CPEB4;MET;SLC9A6;ABCB6;SPAG16;SLC4A4;PIM2;ZNF804A;LINC00665;MYBL2;CCDC102B;MICB;FUNDC2;ZNF91;CTAG2;SERPINI1;EPDR1;XYLT1;ELK2BP;PARM1;GLA;AC096559.1;USP26;ARHGAP31;KLF3;RP11-293B20.2;MECOM;GUCY1B3;REEP3;RALGPS2;TOX2;MAGEA1;RBM47;STEAP1;RP11-25K19.1;CTD-2341M24.1;BLK;COL4A5;MVP;ABHD5;LGALS1;AIFM1;CEP55;SKA1;SLC16A6;E2F2;YRDC;MAGEA3;FAM50A;ZNF608;DDX3Y;PSMB8;RNU1-125P;ADCK2;IDH3G;TMSB4X;AURKA;AFAP1-AS1;RP11-767C1.1;FCRL2;RPL39L;TMEM41A;GDNF;IRAK1;HTATSF1;KIAA0895;G6PD;MFHAS1;SIPA1L2;PIR;SLC12A8;PEG10;BTBD3;NCALD;PLXDC2;CLU;MYRIP;IGLJ1;PLEKHG4B;TSPAN33;HSPA1B;VMA21;KIAA1328;ACVR1;HIST1H2BJ;ANLN;VCX2;MAGEA6;TAPSAR1;CTNNA3;GDI1;MLYCD;CHI3L1;LAGE3;PON2;VCX;TRPS1;CYP21A2;JUN;TC2N;HVCN1,https://www.nature.com/articles/s41408-019-0173-0,2019,Table S1
WU_2022_SUDHL1_RES_DN,Down-regulated in SUDHL1 Lenalidomide-resistant cells vs parental cells,Wu 2022: SUDHL1 Len Res Down vs SUDHL1,T-cell Lymphoma,SUDHL1,Lenalidomide,dn,Bulk RNA-seq,NA,91,GLG1;RYR2;GOLGA4;MRFAP1;WBP5;NSFL1C;RABAC1;FLRT3;SERPINB1;IFNGR1;DUSP3;KIAA1671;CLEC4D;MRPS22;SLC25A36;FAM150B;FEM1C;ZC3H4;MFSD1;HEBP2;HSD17B7;ERRFI1;NCOA7;NAMPT;PLOD2;OXA1L;SGK1;RAB13;ACTN1;MEIS3;RNF157;EGR1;FKBP1A;SMYD3;MT-TY;DYNC2H1;CSNK2A1;RP11-742N3.1;SLC39A4;GINS2;LTBR;LITAF;STC1;GALK1;STOM;EMP1;CDKN1A;ACTR1B;SAR1A;DNAJC15;TMSB4XP8;BLVRB;SNRPB;SPTBN1;UAP1;PSMF1;PCED1A;ITPA;TMEM173;TMSB10;VCAN;TRAPPC2L;DEF8;UROD;SDCBP;RFTN1;HMGN5;CALM3;ANXA1;CTBP2;IL1R1;RPL13P12;GRN;U2SURP;COX4I1;AQP9;COPB2;PLAUR;VGF;CITED2;CHST2;IRF4;TNFRSF9;FBXO32;LYN;CA9;RP11-538I12.3;CD163;RPL13;TM4SF1;IFITM3,https://ashpublications.org/blood/article/139/13/2024/483235/Overcoming-IMiD-resistance-in-T-cell-lymphomas,2022,Table S5
WU_2022_SUDHL1_RES_UP,Up-regulated in SUDHL1 Lenalidomide-resistant cells vs parental cells,Wu 2022: SUDHL1 Len Res Up vs SUDHL1,T-cell Lymphoma,SUDHL1,Lenalidomide,up,Bulk RNA-seq,NA,110,C6ORF48;CSNK2B;FLOT1;PTPRC;RGS16;CHI3L1;BAG6;HLA-E;TUBB;VIM;MRPS18B;RPL35A;NELFE;ABCF1;HLA-C;VARS;LSM2;SAMSN1;ALG3;TRIM27;SYN1;GOT2;CLIC1;GNAS;GPX1;RP5-1028K7.2;TFRC;PTPRCAP;PPP1R18;C16ORF80;SEC31B;TUBBP1;AP2M1;SKIV2L;TRA2B;CRNDE;GPR97;EHMT2;TNS4;S100A9;CACNA2D3;CNBP;NDUFS6;NETO2;TRIM26;TCF19;FSCN1;VARS2;CLU;POLR2H;FAM192A;GNL1;RPL35AP21;MT-ND2;HLA-A;PAPD5;CNOT1;PARL;CSNK2A2;IQCG;CDK6;AEBP1;RNA5-8SP6;FBXO45;STEAP1;CD44;SLC51A;MIAT;HSPA1B;KIAA1217;CCL20;CMSS1;ITGB4;NEU1;ID1;EIF4A2;GNL3;HCLS1;MT2A;MAGEF1;SCARNA22;NCBP2;CHD9;MBNL1;FYTTD1;MANF;DHX16;NFKBIZ;IMPDH2;CCHCR1;GPANK1;PRR3;PSMD2;CPNE1;PREX1;HSPA1A;BRD7;VGLL3;RNF5;CCDC102A;ATP13A3;HLA-B;TEX19;MICB;SUMF2;HIST1H2BK;NAA50;NUP93;COQ9;LEF1,https://ashpublications.org/blood/article/139/13/2024/483235/Overcoming-IMiD-resistance-in-T-cell-lymphomas,2022,Table S5
